"4627"," - ","Вкладыш в фил. фильтовальная вата 3.0/ Compact",25.94,2.00
"13601"," - ","Пеленки для собак 40х60  (7шт)",32.11,3.00
"1111119971"," - ","Кормушка автомат.",402.06,3.00
"1111131642"," - ","Турбо Фильтр  500 л/ч НОВЫЙ",360.40,2.00
"1111115429"," - ","Фильтр AQUA EL FAN 2 Plus",357.24,1.00
"1111126038"," - ","Кормушка д/рептилий 6*1,5*4,5см",42.63,2.00
"1111125683"," - ","Вкладыш в фил. BioCera MAX UltraPro 1600  1л",149.71,1.00
"1111138640"," - ","Вкладыш в фил. вата bioPad S (Super/Com S)",20.29,4.00
"1111138633"," - ","Компрессор АРR - 300 PLUS NEW	",277.92,1.00
"1111118776"," - ","Дряпка городок УГЛОВАЯ БЕЖ/КОРИЧ",762.97,1.00
"1111111565"," - ","Очиститель грунта Tetratec GC30",152.50,2.00
"4666"," - ","Аквариум прям. 36х23х27 22л",93.09,1.00
"1700"," - ","Tetra ALGIZIT 10табл. против водорослей на 200 л.",87.60,2.00
"6728"," - ","Аквариум прям. 50х30х40 60л",164.37,1.00
"1111139629"," - ","Крышка ЛЮКС 100х40 ПР НОВАЯ",864.90,1.00
"6970"," - ","Аквариум прям.100х40х50 200л",842.24,1.00
"1111116300"," - ","Грунт в аквариум средн.  7,5кг.",123.00,1.00
"1111114779"," - ","Сачок д/выл.рыб 15*30",21.20,1.00
"1111116318"," - ","Лампа REPTI GLO 10.0/26W=UVB150   Е27",352.10,1.00
"1111132013"," - ","Турбо Фильтр 2000 л/ч НОВЫЙ",776.97,1.00
"1111113621"," - ","Поддон под акв. 50х30 ОВ",70.19,1.00
"1111120238"," - ","Плафон д/лампы в террар. 14см",340.10,1.00
"1111139912"," - ","Крышка ЛЮКС 120х40 ПР НОВАЯ",914.46,1.00
"1111112275"," - ","JUNGLE VALISNERIA  30см  пластиковое растение",58.79,1.00
"1111123304"," - ","Tetra MIN 250 мл +20 %  хлопья осн. корм с Leporello",94.65,1.00
"1111129786"," - ","Cichlid Omnivore Medium Pellet  1L /360g",221.50,1.00
"1111138639"," - ","Вкладыш в фил.  угольная губка bioCarb S (Super/Comp S)",58.08,1.00
"1111134722"," - ","Обогреватель COMFORT ZONE 250W  GOLD",346.73,1.00
"993"," - ","Лампа SUN-GLO 20W 59см",103.26,1.00
"1111112938"," - ","Био-шарики в фильтр Tetratec ЕX 600/700/1200",116.60,1.00
"7544"," - ","Tetra MENU  100ml  (4 в 1) мелкие хлопья",57.29,1.00
